"id","profileName","text","date","title","rating","images","helpful"
"R3MSZ6BBQQZDZL","Jenna L. Breitinger","
  ¬†I used these for an unlikely reason - toys for my horse. Highly durable and he loves them!
","Reviewed in the United States on August 22, 2019","Very durable!",5,"https://images-na.ssl-images-amazon.com/images/I/71c8Eh-cjsL.jpg","554"
"R2AFVPGMBVQ75J","Vlad","
  Got this one for my son, to help with stacking. He has special needs and stacking was one of the areas he was struggling with. During his OT they used a variant of this stacker with a lot of success, so while I was still at their office, I ordered one. So far, so good. He likes it, specially the red ring with yellow dots. He also liked the one with the beads inside. The rings are made out of plastic and appear to be durable.Update: They are very durable. Over a year has passed and they are still going strong.
","Reviewed in the United States on September 21, 2019","Good one!",4,"","213"
"RD7808PPKEFKK","L Nostrant","
  My six-month-old granddaughter loves this toy. She‚Äôs too young for stacking, but enjoys exploring the different rings. They have different colors and textures, and her favorite is the clear rattle. Very thoughtfully designed toy that will provide several years of fun and learning.
","Reviewed in the United States on September 20, 2019","Baby loves it; Versatile",5,"https://images-na.ssl-images-amazon.com/images/I/71totsOuvXL.jpg","142"
"R154DO48JNGHLA","Kelsey","
  I REALLY like this! Only giving it 4/5 stars because it‚Äôs a bit smaller than I expected... but my 6-month-old doesn‚Äôt seem to mind!
","Reviewed in the United States on January 16, 2020","Really great",4,"https://images-na.ssl-images-amazon.com/images/I/81DHQIgxUxL.jpg","109"
"R4IKESS1481KJ","Amazon Customer","
  Love the versatility of play offered by this toy especially compared to the traditional ring stacker. Black and white rings can be used in newborn days to show baby contrasting patterns. One ring can be used as a rattle. All rings can be used for exploring textures and teething. The only things that I would like to see improved are holes in some loops being bigger so the toy could be used in later years as a ring toss and the material being used to be something other than plastic.
","Reviewed in the United States on July 25, 2020","Super versatile compared to traditional ring stacker",4,"https://images-na.ssl-images-amazon.com/images/I/71urrWmuHQL.jpg","75"
"R2MF03ZMHVYZXE","Lebrisa Designs","
  Do not recommed at all. This toy doesn‚Äôt stand upright and falls over very easily. Extremely hard to stack the rings.
","Reviewed in the United States on March 28, 2019","Not Functional",1,"","67"
"R2V3ET3N78HNI","JP","
  Purchased these for my 7-month-old. The quality and design are great. The circles have different weights, shapes, and sizes which are great for learning. A couple of the smaller rings are made somewhat out of a softer material so it's not as hard when the baby tries to bite/chew on it.
","Reviewed in the United States on June 19, 2019","Wonderful toy",5,"","59"
"RFBI5MUMBXYWE","Mike S.","
  Our 10-month old has been using this set since she was 3 months.  Her favorite is the clear ring that rattles.  She likes removing them and banging them together.  She still is yet to learn how to put them back on the stacker, so still more use coming up for this toy.  Even the stacker unscrews from the base, giving you two additional toys.
","Reviewed in the United States on September 24, 2019","Durable; fun for a baby",4,"","51"
"R324BOVEH5MNUX","KyMaldonado","
  I bought these stacking rings for my 8 month old to play and teeth on, but mainly to stimulate her mind. Upon searching these were the most unique ones that I felt would capture her attention and soon love (she already loves them, day 2.)The only flaw, and this is totally just me I'm sure, the orange ring triggers trypophobia (an uncomfortable feeling or discomfort/disgust with holes/bumps...don't google it üôàü§¢). Obviously I saw the photos before buying it, but figured I could switch it out with something else, or perhaps it won't bug me in person. In full light it's totally fine, but for some people it may not be good in any circumstance. I have another little rattle thing from a seperate playmat that my baby loves, I can put on there instead of the orange one, so there's totally a work around if you need it. This set rocks, so don't avoid buying it just because one ring looks bleh.The orange and magenta rings are hollow plastic and therefore squishy so they're good to teeth on, I assume lol. The blue spotted one is harder plastic, but feel like a teething material, as are the small blue dotted one and the black and white striped ring. The clear, green and yellow rings are the only hard plastic ones not perfect for teething, but great for banging on things!All in all, I'm very satisfied with this toy! Its smaller than what you'd expect based on pervious experiences with other stacking rings, but PERFECT for little ones! (Johnson bedtime lotion for scale üì∑üòâ)
","Reviewed in the United States on September 10, 2020","Perfect with a slight work around! üëå",5,"https://images-na.ssl-images-amazon.com/images/I/61-DSECAbIL.jpg
https://images-na.ssl-images-amazon.com/images/I/7186wybwfrL.jpg
https://images-na.ssl-images-amazon.com/images/I/71kNviKk+NL.jpg","11"
"R2R4AH8WJPZV8P","O B M B","
  Do not buy this toy- major choking hazard. My baby dropped this toy on the floor (as 6-month-old babies do) and the base opened up, with many small pieces coming apart (including tiny screws!!) that could be huge choking hazards. Thankfully I was right there and picked up all the pieces.
","Reviewed in the United States on May 21, 2021","Choking hazard",1,"https://images-na.ssl-images-amazon.com/images/I/C1ShKBLb9mS.jpg
https://images-na.ssl-images-amazon.com/images/I/C1Yn-vhOcZS.jpg","12"
"RWGUIYP8YU16G","AvidReader","
  My daughter doesn't use this product for its intended purpose, but she loves it nonetheless. She likes to pull off all the rings and wear them as bracelets. She loves the different textures!
","Reviewed in the United States on July 6, 2019","Great set of stacking rings!",5,"","17"
"R3AZGTI57DA5HL","Shannon T","
  I bought this stacking ring set almost a year ago. At first I thought it was a good toy, but now I have noticed that since my almost 14 month old daughter likes to chew on the rings more so than stacking them, I have noticed how bits of the silicone have been peeling off the rings.She has 8 teeth. I‚Äôm trying to only present this toy with supervision now but I am worried about how much of the fragments she has ingested by now.Will not buy this again, these particular rings look very worn.
","Reviewed in the United States on February 25, 2021","Peeling and dangerous",3,"https://images-na.ssl-images-amazon.com/images/I/71nXe9hfTWL.jpg
https://images-na.ssl-images-amazon.com/images/I/81Ffz9FXCpL.jpg","9"
"R1RSNOO6V24ZE6","L. J. Fletes","
  My baby loved this ring tower, especially the clear ring that rattles. I have had only two concerns. My husband and I clean and sterilize his toys often, and my husband tried to put the solid plastic rings in the pabalic sterilizer we use and it completed flattened and warped them so they no longer fit onto the ring base. I suppose the instruction manual probably warned about that, but we do like toys that are safe for sterilizers. The other issue is with the rattle ring I mentioned - another cleaning fail. I typically soak the baby's plastic toys in warm soapy water then rinse and sterilize, but since this was a two piece toy I didn't want to chance getting steam inside of it, but I suppose I should have been as worried as the water and soap getting inside because that's exactly what it did. It took forever to try to drain because it's not intended to be able to open. Please know that I don't blame this on manufacturing, we should have read up before we cleaned. So, long story short, your baby will probably love this, but when you want to clean it, just use a warm washcloth to wipe it down.
","Reviewed in the United States on May 6, 2020","Fun toy for an 8month old",4,"","3"
"R1Z70QKGCS6E3M","Alex","
  These rings are fun to play with and my daughter loves the rattle one. Since the rings all have the same size hole in them, they can be placed on the post in any order, which is great when they‚Äôre still learning.I took a star off because the post the rings go through is a thin, hollow plastic that could get warped with time. I also don‚Äôt love that when my little one bites the softer rings, the indentation of her teeth stays. While she‚Äôs not biting pieces off, it means it‚Äôs not the best teething toy since bites leave a mark.
","Reviewed in the United States on October 20, 2020","Great toy, but not perfect design",4,"","5"
"R3RI0QBKS5FLQK","shopgirl77","
  I bought this as a Christmas gift for my great granddaughter but ended up keeping it at my house for her to play with. The things I like about it are it's really bright and colorful and she can easily handle getting the rings off and on by herself. She likes to chew on the small ones and since shes cutting teeth and likes to chew on everything this is great.The first 4 rings are hard, easy to pick up and have different textures i.e. wavy, bumps, grooves, etc.  The next three are bigger and softer and also different textured surfaces.The thing I didn't like was that the base isn't weighted at all and the bottom ring doesn't come off which is the only thing that is suppose to keep it balanced and upright and while it might do a slightly better job on a hard surface like tile or hardwood, it was a total fail on carpet or a blanket. On the bright side it also doesn't make a very good weapon for her older brother to use against her so I guess that could move it back into the plus column.Oh and the price was okay when I bought it and I see that it's cheaper now so go for it. I'm not sure it will last as long as the Fisher Price brand I would have normally bought but it is brighter and cuter and the teether rings make it more functional and my granddaughter happier for sure.
","Reviewed in the United States on December 17, 2021","Bright, Colorful and entertaining for 9 month old.",5,"https://m.media-amazon.com/images/I/515Nbvltv6L.jpg",0
"R2ZYNDTX23ILX4","Roaming1978","
  I returned due to not stating on packaging that these are safe for kids (BPA & PVC) Free!
","Reviewed in the United States on June 13, 2021","Packaging does NOT state anywhere that this is BPA and PVC FREE!",1,"","5"
"R2P0UPUF4574F1","Love2Teach","
  My favorite part of this product is that all the rings fit in any order. My grandson first started using this (well, I helped) when he was about 6 months old. Even now at 10 months I'm quite sure he would get frustrated if he had to put them on in a particular order to make them fit. Also, each ring is quite different from the other rings so the toy provides a lot more sensory experience than the traditional ring stacker. Not just colors, but the way each ring feels is very different. And it's well made and durable, so no problems there.Great product!!
","Reviewed in the United States on October 30, 2019","Circle Stacker",5,"","4"
"RIXX9SYF6DCV6","Melissa","
  This was much smaller than I expected it to be but that turned out to be perfect for my 9 month old. The first day he played with it (specifically the base with no rings on it) for about 30 minutes which is an eternity for a baby. Now he's had it for a couple weeks he's not so enthralled but he still likes to wave and chew on the base and rattle one of the rings. I'm sure as he gets older he will get more use out of it.
","Reviewed in the United States on January 17, 2020","Cute and entertaining",5,"","5"
"RT15ETP1ICX2V","Lindsay Hartman","
  Bought this for 7-month-old my nephew and it has quickly become one of his favorite toys.  I watched him crawl over to his toy box, tip it over, and throw things out to get this.  Each ring is unique with different widths, textures, and colors & it has been interesting seeing which he gravitates to most.  He can carry them as he crawls or stands by the couch and, as he is teething, most have made their way into his mouth at some point.
","Reviewed in the United States on July 30, 2020","Fabulous toy for teething child",5,"https://images-na.ssl-images-amazon.com/images/I/71zj5rcbdoL.jpg","3"
"R1L7JYLWW5P8Q5","Susan","
  As another reviewer said, it is much smaller than anticipated.  I have noticed this to be a real problem with Amazon baby toys.  The size is not included in the upfront description and you would never expect it to be as small from the pictures (perhaps it's the angle they use), but I feel deceived.  Additionally, this just felt cheap.  I don't know why it's considered a ""STEM"" toy.  There's nothing really interesting about it.  The rings didn't come off easily, seemed flimsy and had nothing to catch a baby's eye.  Going back ASAP.
","Reviewed in the United States on December 18, 2020","Not at all as expected",1,"","2"
"R2OIJ7U3386N3L","S.L.","
  My baby‚Äôs current favorite toy! She went right on mouthing the rings when I added this on her toy rotation.I just checked each ring and those that don‚Äôt seem to have holes, I washed with warm soap and water.  Those with something that look like holes, I just wiped using Force of Nature cleaner (didn‚Äôt want to wash with water and risk molds).The toy is the right size for small fingers and hands, very easy to manipulate and play with.  My seven-month old baby doesn‚Äôt know how to shoot in the pole just yet, but she enjoys taking them out one by one (or turning the whole toy upside down so all the rings slide out the pole).  It‚Äôs also nice that, although each ring has a small number somewhere, they can still be stacked in no particular order.I recommend this! üëçüèΩ
","Reviewed in the United States on August 3, 2020","A must-have baby toy!",5,"https://images-na.ssl-images-amazon.com/images/I/71iPC7BSIcL.jpg",1
"R10VL2167BIGDP","Love 2 Shop","
  I had originally bought basic stacking rings that, from the bottom stack large to small (at top).  Saw these and decided to return the the ones I bought (even tho I'm paying a tad more for these).  These are great because you can stack them any which way, size does not matter (however, that option is still there).Each ring has a different texture/color/design.  My six month old grandson dove right into them.  He is not at an age, yet, to actually stack them...but he'll pull them off and play with the different pieces (as well as teeth on them, lol).  Because of the smaller rings it works those fine motor skills too!  I really like everything about this stacker and know it'll be a great toy as he grows...very happy with my purchase!
","Reviewed in the United States on August 3, 2021","Great Variety of Stacking Rings",5,"",0
"RQ3DU50TF1C7Y","GeiselW","
  This is a great toy. For young babies who don' tyet have the dexterity to stack, they will enjoy the colorful rings. As they get older, babies can stack these rings without frustration because the diameters of all the rings are the same size. I bought this for my twin granddaughters who are ten months old and these rings held their interest for quite a while. They loved holding one in each hand and shaking and banging the rings together.
","Reviewed in the United States on May 2, 2021","Keeps baby's interest",5,"","2"
"R1VNP0DZTBRSY6","Anonym0us","
  The clear round stacking toy with plastic balls allows for water to get IN but not OUT. As soon as I received package I washed everything with hot water and soap and the clear one STILL after 3 days has water inside with no way out. Dangerous and a huge mold issue.
","Reviewed in the United States on April 20, 2020","Dangerous mold problem",1,"","6"
"R1CY21QIVQGS0Q","Ting Su","
  Although my 10-month-old hasn‚Äôt quite grasped the concept of stacking up the rings, and instead prefers to knock them down, I think this product still has many ways in which it can be played with. The variety of colors, sizes, and textures of each ring makes it stand out.My baby doesn‚Äôt quite use it as a teether, but he has found it fun in other ways. He particularly likes it when I spin the rings on the floor, which always causes a giggle fit. Any product that can make my baby giggle and laugh so hard will get a good review.Would make a good gift.
","Reviewed in the United States on October 6, 2021","Numerous ways to play",5,"",0
"RS3JLRSV36EJ6","MrsB","
  Cute and different. I didn‚Äôt realize they would be small, but they‚Äôre perfect for baby hands. He loves to pull them off and chew them
","Reviewed in the United States on May 17, 2021","Perfect size for baby hands",5,"https://images-na.ssl-images-amazon.com/images/I/814aiM47kaL.jpg","3"
"R3PKYUC7VA2EUE","MamaLuvsTwins","
  Of the 4 ring stackers the kids have, this is by far their most favorite! I bought it after I saw how much the kids liked it when they played with it at their physical therapy visits. It was the only toy they both went nuts for.The rings have a wide opening making it easy for little hands to grab. The colors, weights and textures keep them interested and the post is lightweight (for when they start banging it at everything. Ack!)I also really appreciate the post is the same thickness, top to bottom. Other stackers have a smaller top and fatter at the bottom post. These types of stackers frustrate kids that are still too young to understand larger goes on bottom then the smaller ones. With this Sassy stacker, it doesn‚Äôt matter! The kids can stack them in whatever order they choose and not becomes frustrated or lose interest.Although I don‚Äôt recommend this as a teether, it worked great as one. No pieces or shavings came off the rings. The paint/coloring does not flake or peel off even after repeated biting.Great ring stacker for infants!
","Reviewed in the United States on June 25, 2020","Kid Approved! All Time Favorite Ring Stacker",5,"",0
"R1X6T90XVAPGQ9","hayley g","
  I love this toy. For starters, yes it‚Äôs smaller, but i couldn‚Äôt care less because of all the pros to it. My son is 9 months old and within minutes understood how to take the rings off, the rings are all different colors (very bright) and thicknesses and even different textures, some rings can be used as teethers, one ring is even a rattle. While the rings are different thickness, they can be stacked in any order, or used alone as individual toys. This toy was definitely made with intent behind it, i can only speak for my son but most baby‚Äôs should love how colorful and interesting each individual ring is. It‚Äôs very stimulating with the sounds and colors and textures. So much fun, would definitely buy again.
","Reviewed in the United States on December 31, 2021","10/10",5,"",0
"R28V51RMVZ0JBO","Jay","
  Got this for my six month old and two months later, it‚Äôs still one of his favorite toys! He loves to chomp on the different textures and even finds the stand entertaining. This will grow with him as he learns to stack and better understand patterns and colors. I haven‚Äôt had any rings deteriorate as some other reviewers mentioned, but he‚Äôs only had two teeth for a couple of weeks. The rattle ring does get water in it when I wash it but I just let it dry on a towel overnight. It‚Äôs his favorite!
","Reviewed in the United States on June 13, 2021","Baby loves!",5,"",0
"R22UWRDJKOJ960","Kindle Customer","
  Love all the textures and colors.  Granddaughter loves to play with and chew on them.
","Reviewed in the United States on July 24, 2019","Perfect!",5,"","7"
"R1GT5NDCPNXZZX","R","
  Lots of rings. There are multiple colors and textures. One ring is a rattle. The rings can be chewed no matter the size. They are a lot of fun. At first the baby may just turn it upside down to get the rings off. Eventually, the baby will try to put them back on. All rings stack no matter the order.  I have seen the base used as a pretend microphone.  It's a lot of fun! One thing to watch for is these look like bracelets. So, when baby starts growing they can get stuck.
","Reviewed in the United States on October 6, 2021","Rings&rings&rings",4,"",0
"R281RRDC0OQS5U","stacieb","
  My great-nephew is at that ‚Äúput EVERYTHING YOU CAN GET YOUR HANDS ON INTO YOUR MOUTH‚Äù stage. He grabbed this toy and all its ‚Äúdoughnuts‚Äù over the others on his mat. Not only did the VIBRANT COLORS & EXCITING PATTERNS catch his eye, but HE WAS ENTHRALLED BY THE DIFFERENT TEXTURES AND SOUNDS!It‚Äôs well made, and I expect it will be around for many years and many children to come.If you‚Äôre trying to decide between the old smooth, mellower colored doughnuts or this one‚Ä¶I‚Äôd pick this one again and again.
","Reviewed in the United States on January 14, 2022","A NEW TWIST ON AN OLD STANDBY TOY!",5,"",0
"R1HNAD9O8CWAUY","Jessica C","
  First of all, the item said it was delivered and it never was. I reached out to the company and they refunded me but never offered to send another one. I then reached out to Amazon because I still wanted this toy at the price I originally bought it at. Amazon was able to send me another one for that price.I expected this toy to be a little larger. The first two rings on top of the toy are very small and thin. Almost concerning as I'm wondering if a child (a little older) could squeeze the ring into their mouth. Overall, I'm disappointed as they aren't as large as I expected and the customer service from the company wasn't great as they never responded when I asked them to send a new one.
","Reviewed in the United States on November 19, 2021","I expected different.",3,"",0
"R263RCXM6WO9S0","K. Ericksen","
  My 6 month old loves the variety of colors.  I love the durability.  I only gave 4 stars because when I washed the set before letting my child play with it, the clear ring filled up with water.  Still trying to dry it out!
","Reviewed in the United States on October 6, 2019","Nice Set but Not Water-Tight",4,"","4"
"R327XOWRJQ0X6S","Steph","
  We play with these forever and everyday. We twist them, spin them, throw them, he chews on them, stack them and Unstack. For the price this is a must have toy. My son loves them and has played with them from 6 months to 12 months‚Ä¶ he is a year old and I‚Äôm sure he will continue to play with them.
","Reviewed in the United States on May 11, 2021","Hours of fun & extremely durable!",5,"",1
"R1D4DMQLZ68WBN","Kelly","
  These types of toys have been around a LONG time, so when I spotted this one and noticed that the difference was that the rings didn't need to be placed in any specific order, I was sold.  It's been a wonderful toy for my grandson.  He's only 8 months right now, but he enjoys taking the rings off and teething on them.  Great buy!
","Reviewed in the United States on April 18, 2021","Like the original but better!",5,"",1
"R1EO1EB3HNGMA3","Lucy Crosby","
  I got one of these for my one-year-old granddaughter's birthday. She likes to chew on the rings. I also gave one to my two-year-old granddaughter. She loves putting the rings on and taking them off. It kept her busy for an hour, which is forever for a child that age. The older grandkids (3-8) like putting them on in order from largest to smallest or smallest to largest. Sometimes they even sort by patterns. I highly recommend this toy.
","Reviewed in the United States on June 12, 2021","Good for a wide range of ages.",5,"",0
"R212E3IUA9W435","Taylor Brown","
  We‚Äôve had these for a few weeks now and little guy loves it. He is 7 months so he cannot stack these yet. He mostly uses the toy for teething. He loves chewing on the rings and there is one ring that has little balls inside and makes a rattle noise. That one is his favorite. I can see him using this toy as he grows older to stay them for manipulative use. Bright colors helps them learn colors and the rings are different sizes as well. Would definitely recommend!
","Reviewed in the United States on February 26, 2021","Great!",5,"",0
"RBJNC1RA9WQWN","Beth","
  My granddaughter got these as a baby.  They have been a constant toy in her rotation.  First, she just enjoyed the rings, then as floor time progressed, she loved dumping them off the ring and playing with the pieces.  Now she is learning to put the rings back on.  Great toy for months of play and I love all the colors and texture that this set has as well.  Much better than the old plain rainbow one.
","Reviewed in the United States on January 20, 2022","Absolute must for kids.",5,"",0
"R2H7WBFMK0MOK","Alyssa A.","
  The twins love this stacker and so do I, it‚Äôs been 5 years since I‚Äôve had babies and I‚Äôm telling you everything is better it‚Äôs like these baby companies actually listen to parents lol this is a huge improvement from the one my older girls had, each ring is suitable for a teether they‚Äôre all different colors textures and ones even a rattle it‚Äôs just so nice and the twins loved exploring it, great toy!
","Reviewed in the United States on July 13, 2021","Awesome stacker, and teethers!",5,"",0
"R2B5BYGNHZ8WCW","Andi","
  Things I like: the different colors, textures, and patterns.Things I don‚Äôt like: the part where you stack the rings is really flimsy along with a couple of the donut/rings. My son chews on them and they look like they could crack/break. Not durable and this was not as high of a quality purchase as I was hoping for.However, he does seem to enjoy playing with it I just wish the quality was better.
","Reviewed in the United States on September 19, 2021","Mediocre Quality",3,"",1
"R1T7WP9FV9LXFP","Donnica","
  7mnth old enjoys these rings. Wash them (not submerge them) the minute I got them because I knew they would be going Into his mouth... water managed to seep its way into the clear ring with the balls. So take that little piece of knowledge and run with it as you see fit with knowing the possibilities of fluid like substances being able to seep into the rings. Overall, they entertain his curiosity but loves nawing on the orange ring stand more.
","Reviewed in the United States on April 5, 2021","Entertaining for baby",3,"","2"
"R3MVRVX2HSISM5","kelli RN","
  I bought this for my granddaughter for Christmas. She‚Äôs 4 months old and can manipulate this easily. The rings are easy to grasp and the product appears to be of good quality. She gnaws on the pieces for teething basically since she‚Äôs too young to use it as a stacker yet but that will come with time . I‚Äôm pleased with this product and recommend for little ones without hesitation.
","Reviewed in the United States on January 8, 2022","Granddaughter loves",5,"",0
"R7UZ9FLAQB94F","Elana","
  My one year old daughter gets distracted easily (as I think most of you can relate), so when she was playing with this for more than 10 minutes at a time, I considered it a major hit. Meticulously stacks each fun colored and textured ring and shakes the one that has beads in it which is clearly her favorite. The center stacking pole is pretty light so it does tip over sometimes when she puts the ring on, but she quickly learned to hold it while she puts the ring on which I think is actually great because she learned a new skill.
","Reviewed in the United States on August 6, 2020","Engaging, fun to have different textures, daughter's favorite new toy",5,"",1
"R6MWFS7JWY4F8","Mandy K","
  These stacking rings are so cute! I bought them for my daughter when she was 5 months old (she‚Äôs 11 months now) and she still loves them. Before they were just for teething but now she‚Äôs actually getting the hang of stacking them and it‚Äôs the most adorable thing. I love the high contrast colors and the different textures which is why I chose this one over the basic rainbow fisher price one. The only thing is that the pink ring on it has a little bit too small of a hole. When taking that piece off, it kind of gets stuck at the top (I think it‚Äôs because the base/stick is just one width from top to bottom and doesn‚Äôt get skinnier towards the top). This makes it nearly impossible for a baby to get this piece off. I ended up just throwing that piece out and replacing it with a teething ring we already had. No biggie but if that issue was fixed I definitely would have given this 5 stars!
","Reviewed in the United States on January 19, 2022","Great except one small flaw",4,"",0
"R1HC8H92FJ2KDI","Jessica Lentz-shannon","
  My 6 month year old nephew is teething like crazy. These are perfect for his little hands and mouth. He's fascinated by the patterns colors and using them for teething. They are super durable and so much nicer than the traditional multicolored plastic stackable rings that when you squeeze give right in. Perfect gift for 6-9 month Olds for hand eye coordination. Must buy gift
","Reviewed in the United States on January 18, 2022","Perfect for teething and hand eye coordination",5,"",0
"RZAOISQHB36SA","Kaitlin M.","
  These things suck so bad. They are made of the cheapest hardest plastic and my baby hates them. They are so hard they don‚Äôt seem safe with baby banging them around I was afraid she might hurt herself. Cracks for mold to get into if she drools on them.
","Reviewed in the United States on September 2, 2019","Terrible baby toy",1,"","5"
"RF599SGIV1KTU","jenny","
  I kept seeing reviews about babies loving it and thought maybe my 1.5 yro son wouldn‚Äôt be into it. But decided to get it anyway and WOW, it‚Äôs been about 3 months since we got it and he uses this toy daily for most of the day. It‚Äôs always my go to if we‚Äôre out and about on a stroll walk or in a restaurant. This plus his stacking blocks are his absolute favorite
","Reviewed in the United States on December 31, 2021","18 plus son loves it",5,"",0
"R3KSHFJBKU78B3","Lauren","
  Fun colors and textures captivate my babies attention. They are easy to wash, although the one with the beads in it I do take more care for fear of water leaking on the inside and getting gunky. I prefer wooden or more sustainable toys but I feel that these will hold up well enough that I will be able to use them for multiple children
","Reviewed in the United States on October 6, 2020","Fun colors and textures for baby",5,"","2"
"R2WAW2KHCXB84Q","Anne","
  I bought 2 of these- one for each of my two baby grandaughters- 6 and 9 months. One already had it, so that one is waiting for the next one yet to come. :)  The colors and variety of textures are great. They'll learn the stacking by size part later. Right now they like to dump the rings off and gnaw on them one by one.  Good toy!
","Reviewed in the United States on February 15, 2020","Great gift for baby",5,"","5"